UDI,Biobank_name,Biobank_Description,Biobank_url,NHANES_Type_Short_Name,NHANES_Type_Feature,NHANES_Feature,NHANES_Description,NHANES_url,NHANES_Short_Feature_Name
102-0.0,Pulse rate,"Pulse rate, automated reading",http://biobank.ndph.ox.ac.uk/showcase/field.cgi?id=102,Examination_BPPulse,Examination_BPXPLS,BPXPLS,60 sec. pulse (30 sec. pulse * 2),https://wwwn.cdc.gov/Nchs/Nhanes/2015-2016/BPX_I.htm#BPXPLS,BPPulse
102-0.0,Pulse rate,,http://biobank.ndph.ox.ac.uk/showcase/field.cgi?id=102,,,,,,
1488-0.0,Tea intake,Tea intake,http://biobank.ndph.ox.ac.uk/showcase/field.cgi?id=1488,,,,,,
1558-0.0,Alcohol intake frequency.,Alcohol intake frequency.,http://biobank.ndph.ox.ac.uk/showcase/field.cgi?id=1558,Questionnaire_AlcoholFreqDays,Questionnaire_ALQ130,ALQ130,Avg # alcoholic drinks/day - past 12 mos,https://wwwn.cdc.gov/Nchs/Nhanes/2013-2014/ALQ_H.htm#ALQ130,AlcoholFreqDays
20160-0.0,Ever smoked,Ever smoked,http://biobank.ndph.ox.ac.uk/showcase/field.cgi?id=20160,,,,,,
20544-0.1_1,Mental health - Social anxiety or social phobia,Mental health problems ever diagnosed by a professional,http://biobank.ndph.ox.ac.uk/showcase/field.cgi?id=20544,Questionnaire_MentalHealthProfessional,Questionnaire_HUQ090,HUQ090,Seen mental health professional/past yr,https://wwwn.cdc.gov/Nchs/Nhanes/2013-2014/HUQ_H.htm#HUQ090,MentalHealthProfessional
20544-0.1_10,"Mental health - Mania, hypomania, bipolar or manic-depression",Mental health problems ever diagnosed by a professional,http://biobank.ndph.ox.ac.uk/showcase/field.cgi?id=20544,Questionnaire_MentalHealthProfessional,Questionnaire_HUQ090,HUQ090,Seen mental health professional/past yr,https://wwwn.cdc.gov/Nchs/Nhanes/2013-2014/HUQ_H.htm#HUQ090,MentalHealthProfessional
20544-0.1_11,Mental health - Depression,Mental health problems ever diagnosed by a professional,http://biobank.ndph.ox.ac.uk/showcase/field.cgi?id=20544,Questionnaire_MentalHealthProfessional,Questionnaire_HUQ090,HUQ090,Seen mental health professional/past yr,https://wwwn.cdc.gov/Nchs/Nhanes/2013-2014/HUQ_H.htm#HUQ090,MentalHealthProfessional
20544-0.1_12,Mental health - Bulimia nervosa,Mental health problems ever diagnosed by a professional,http://biobank.ndph.ox.ac.uk/showcase/field.cgi?id=20544,Questionnaire_MentalHealthProfessional,Questionnaire_HUQ090,HUQ090,Seen mental health professional/past yr,https://wwwn.cdc.gov/Nchs/Nhanes/2013-2014/HUQ_H.htm#HUQ090,MentalHealthProfessional
20544-0.1_13,Mental health - Psychological over-eating or binge-eating,Mental health problems ever diagnosed by a professional,http://biobank.ndph.ox.ac.uk/showcase/field.cgi?id=20544,Questionnaire_MentalHealthProfessional,Questionnaire_HUQ090,HUQ090,Seen mental health professional/past yr,https://wwwn.cdc.gov/Nchs/Nhanes/2013-2014/HUQ_H.htm#HUQ090,MentalHealthProfessional
20544-0.1_14,"Mental health - Autism, Asperger's or autistic spectrum disorder",Mental health problems ever diagnosed by a professional,http://biobank.ndph.ox.ac.uk/showcase/field.cgi?id=20544,Questionnaire_MentalHealthProfessional,Questionnaire_HUQ090,HUQ090,Seen mental health professional/past yr,https://wwwn.cdc.gov/Nchs/Nhanes/2013-2014/HUQ_H.htm#HUQ090,MentalHealthProfessional
20544-0.1_15,"Mental health - Anxiety, nerves or generalized anxiety disorder",Mental health problems ever diagnosed by a professional,http://biobank.ndph.ox.ac.uk/showcase/field.cgi?id=20544,Questionnaire_MentalHealthProfessional,Questionnaire_HUQ090,HUQ090,Seen mental health professional/past yr,https://wwwn.cdc.gov/Nchs/Nhanes/2013-2014/HUQ_H.htm#HUQ090,MentalHealthProfessional
20544-0.1_16,Mental health - Anorexia nervosa,Mental health problems ever diagnosed by a professional,http://biobank.ndph.ox.ac.uk/showcase/field.cgi?id=20544,Questionnaire_MentalHealthProfessional,Questionnaire_HUQ090,HUQ090,Seen mental health professional/past yr,https://wwwn.cdc.gov/Nchs/Nhanes/2013-2014/HUQ_H.htm#HUQ090,MentalHealthProfessional
20544-0.1_17,Mental health - Agoraphobia,Mental health problems ever diagnosed by a professional,http://biobank.ndph.ox.ac.uk/showcase/field.cgi?id=20544,Questionnaire_MentalHealthProfessional,Questionnaire_HUQ090,HUQ090,Seen mental health professional/past yr,https://wwwn.cdc.gov/Nchs/Nhanes/2013-2014/HUQ_H.htm#HUQ090,MentalHealthProfessional
20544-0.1_18,Mental health - Attention deficit or attention deficit and hyperactivity disorder,Mental health problems ever diagnosed by a professional,http://biobank.ndph.ox.ac.uk/showcase/field.cgi?id=20544,Questionnaire_MentalHealthProfessional,Questionnaire_HUQ090,HUQ090,Seen mental health professional/past yr,https://wwwn.cdc.gov/Nchs/Nhanes/2013-2014/HUQ_H.htm#HUQ090,MentalHealthProfessional
20544-0.1_2,Mental health - Schizophrenia,Mental health problems ever diagnosed by a professional,http://biobank.ndph.ox.ac.uk/showcase/field.cgi?id=20544,Questionnaire_MentalHealthProfessional,Questionnaire_HUQ090,HUQ090,Seen mental health professional/past yr,https://wwwn.cdc.gov/Nchs/Nhanes/2013-2014/HUQ_H.htm#HUQ090,MentalHealthProfessional
20544-0.1_3,Mental health - Any other type of psychosis or psychotic illness,Mental health problems ever diagnosed by a professional,http://biobank.ndph.ox.ac.uk/showcase/field.cgi?id=20544,Questionnaire_MentalHealthProfessional,Questionnaire_HUQ090,HUQ090,Seen mental health professional/past yr,https://wwwn.cdc.gov/Nchs/Nhanes/2013-2014/HUQ_H.htm#HUQ090,MentalHealthProfessional
20544-0.1_4,Mental health - A personality disorder,Mental health problems ever diagnosed by a professional,http://biobank.ndph.ox.ac.uk/showcase/field.cgi?id=20544,Questionnaire_MentalHealthProfessional,Questionnaire_HUQ090,HUQ090,Seen mental health professional/past yr,https://wwwn.cdc.gov/Nchs/Nhanes/2013-2014/HUQ_H.htm#HUQ090,MentalHealthProfessional
20544-0.1_5,Mental health - Any other phobia,Mental health problems ever diagnosed by a professional,http://biobank.ndph.ox.ac.uk/showcase/field.cgi?id=20544,Questionnaire_MentalHealthProfessional,Questionnaire_HUQ090,HUQ090,Seen mental health professional/past yr,https://wwwn.cdc.gov/Nchs/Nhanes/2013-2014/HUQ_H.htm#HUQ090,MentalHealthProfessional
20544-0.1_6,Mental health - Panic attacks,Mental health problems ever diagnosed by a professional,http://biobank.ndph.ox.ac.uk/showcase/field.cgi?id=20544,Questionnaire_MentalHealthProfessional,Questionnaire_HUQ090,HUQ090,Seen mental health professional/past yr,https://wwwn.cdc.gov/Nchs/Nhanes/2013-2014/HUQ_H.htm#HUQ090,MentalHealthProfessional
20544-0.1_7,Mental health - Obsessive compulsive disorder,Mental health problems ever diagnosed by a professional,http://biobank.ndph.ox.ac.uk/showcase/field.cgi?id=20544,Questionnaire_MentalHealthProfessional,Questionnaire_HUQ090,HUQ090,Seen mental health professional/past yr,https://wwwn.cdc.gov/Nchs/Nhanes/2013-2014/HUQ_H.htm#HUQ090,MentalHealthProfessional
21000-0.0_1,Ethnic - White,Ethnic background,http://biobank.ndph.ox.ac.uk/showcase/field.cgi?id=21000,Demographics_RaceEthnicity,Demographics_RIDRETH1,RIDRETH1,Race/Ethnicity - Recode,http://data.nber.org/nhanes/2009-2010/DEMO_F.htm#RIDRETH1,RaceEthnicity
21000-0.0_1001,Ethnic - British,Ethnic background,http://biobank.ndph.ox.ac.uk/showcase/field.cgi?id=21000,Demographics_RaceEthnicity,Demographics_RIDRETH1,RIDRETH1,Race/Ethnicity - Recode,http://data.nber.org/nhanes/2009-2010/DEMO_F.htm#RIDRETH1,RaceEthnicity
21000-0.0_1002,Ethnic - Irish,Ethnic background,http://biobank.ndph.ox.ac.uk/showcase/field.cgi?id=21000,Demographics_RaceEthnicity,Demographics_RIDRETH1,RIDRETH1,Race/Ethnicity - Recode,http://data.nber.org/nhanes/2009-2010/DEMO_F.htm#RIDRETH1,RaceEthnicity
21000-0.0_1003,Ethnic - Any other white background,Ethnic background,http://biobank.ndph.ox.ac.uk/showcase/field.cgi?id=21000,Demographics_RaceEthnicity,Demographics_RIDRETH1,RIDRETH1,Race/Ethnicity - Recode,http://data.nber.org/nhanes/2009-2010/DEMO_F.htm#RIDRETH1,RaceEthnicity
21000-0.0_2,Ethnic - Mixed,Ethnic background,http://biobank.ndph.ox.ac.uk/showcase/field.cgi?id=21000,Demographics_RaceEthnicity,Demographics_RIDRETH1,RIDRETH1,Race/Ethnicity - Recode,http://data.nber.org/nhanes/2009-2010/DEMO_F.htm#RIDRETH1,RaceEthnicity
21000-0.0_2001,Ethnic - White and Black Caribbean,Ethnic background,http://biobank.ndph.ox.ac.uk/showcase/field.cgi?id=21000,Demographics_RaceEthnicity,Demographics_RIDRETH1,RIDRETH1,Race/Ethnicity - Recode,http://data.nber.org/nhanes/2009-2010/DEMO_F.htm#RIDRETH1,RaceEthnicity
21000-0.0_2002,Ethnic - White and Black African,Ethnic background,http://biobank.ndph.ox.ac.uk/showcase/field.cgi?id=21000,Demographics_RaceEthnicity,Demographics_RIDRETH1,RIDRETH1,Race/Ethnicity - Recode,http://data.nber.org/nhanes/2009-2010/DEMO_F.htm#RIDRETH1,RaceEthnicity
21000-0.0_2003,Ethnic - White and Asian,Ethnic background,http://biobank.ndph.ox.ac.uk/showcase/field.cgi?id=21000,Demographics_RaceEthnicity,Demographics_RIDRETH1,RIDRETH1,Race/Ethnicity - Recode,http://data.nber.org/nhanes/2009-2010/DEMO_F.htm#RIDRETH1,RaceEthnicity
21000-0.0_2004,Ethnic - Any other mixed background	,Ethnic background,http://biobank.ndph.ox.ac.uk/showcase/field.cgi?id=21000,Demographics_RaceEthnicity,Demographics_RIDRETH1,RIDRETH1,Race/Ethnicity - Recode,http://data.nber.org/nhanes/2009-2010/DEMO_F.htm#RIDRETH1,RaceEthnicity
21000-0.0_3,Ethnic - Asian or Asian British	,Ethnic background,http://biobank.ndph.ox.ac.uk/showcase/field.cgi?id=21000,Demographics_RaceEthnicity,Demographics_RIDRETH1,RIDRETH1,Race/Ethnicity - Recode,http://data.nber.org/nhanes/2009-2010/DEMO_F.htm#RIDRETH1,RaceEthnicity
21000-0.0_3001,Ethnic - Indian,Ethnic background,http://biobank.ndph.ox.ac.uk/showcase/field.cgi?id=21000,Demographics_RaceEthnicity,Demographics_RIDRETH1,RIDRETH1,Race/Ethnicity - Recode,http://data.nber.org/nhanes/2009-2010/DEMO_F.htm#RIDRETH1,RaceEthnicity
21000-0.0_3002,Ethnic - Pakistani,Ethnic background,http://biobank.ndph.ox.ac.uk/showcase/field.cgi?id=21000,Demographics_RaceEthnicity,Demographics_RIDRETH1,RIDRETH1,Race/Ethnicity - Recode,http://data.nber.org/nhanes/2009-2010/DEMO_F.htm#RIDRETH1,RaceEthnicity
21000-0.0_3003,Ethnic - Bangladeshi,Ethnic background,http://biobank.ndph.ox.ac.uk/showcase/field.cgi?id=21000,Demographics_RaceEthnicity,Demographics_RIDRETH1,RIDRETH1,Race/Ethnicity - Recode,http://data.nber.org/nhanes/2009-2010/DEMO_F.htm#RIDRETH1,RaceEthnicity
21000-0.0_3004,Ethnic - Any other Asian background,Ethnic background,http://biobank.ndph.ox.ac.uk/showcase/field.cgi?id=21000,Demographics_RaceEthnicity,Demographics_RIDRETH1,RIDRETH1,Race/Ethnicity - Recode,http://data.nber.org/nhanes/2009-2010/DEMO_F.htm#RIDRETH1,RaceEthnicity
21000-0.0_4,Ethnic - Black or Black British,Ethnic background,http://biobank.ndph.ox.ac.uk/showcase/field.cgi?id=21000,Demographics_RaceEthnicity,Demographics_RIDRETH1,RIDRETH1,Race/Ethnicity - Recode,http://data.nber.org/nhanes/2009-2010/DEMO_F.htm#RIDRETH1,RaceEthnicity
21000-0.0_4001,Ethnic - Caribbean,Ethnic background,http://biobank.ndph.ox.ac.uk/showcase/field.cgi?id=21000,Demographics_RaceEthnicity,Demographics_RIDRETH1,RIDRETH1,Race/Ethnicity - Recode,http://data.nber.org/nhanes/2009-2010/DEMO_F.htm#RIDRETH1,RaceEthnicity
21000-0.0_4002,Ethnic - African,Ethnic background,http://biobank.ndph.ox.ac.uk/showcase/field.cgi?id=21000,Demographics_RaceEthnicity,Demographics_RIDRETH1,RIDRETH1,Race/Ethnicity - Recode,http://data.nber.org/nhanes/2009-2010/DEMO_F.htm#RIDRETH1,RaceEthnicity
21000-0.0_4003,Ethnic - Any other Black background,Ethnic background,http://biobank.ndph.ox.ac.uk/showcase/field.cgi?id=21000,Demographics_RaceEthnicity,Demographics_RIDRETH1,RIDRETH1,Race/Ethnicity - Recode,http://data.nber.org/nhanes/2009-2010/DEMO_F.htm#RIDRETH1,RaceEthnicity
21000-0.0_5,Ethnic - Chinese,Ethnic background,http://biobank.ndph.ox.ac.uk/showcase/field.cgi?id=21000,Demographics_RaceEthnicity,Demographics_RIDRETH1,RIDRETH1,Race/Ethnicity - Recode,http://data.nber.org/nhanes/2009-2010/DEMO_F.htm#RIDRETH1,RaceEthnicity
21000-0.0_6,Ethnic - Other ethnic group,Ethnic background,http://biobank.ndph.ox.ac.uk/showcase/field.cgi?id=21000,Demographics_RaceEthnicity,Demographics_RIDRETH1,RIDRETH1,Race/Ethnicity - Recode,http://data.nber.org/nhanes/2009-2010/DEMO_F.htm#RIDRETH1,RaceEthnicity
21001-0.0,BMI,Body mass index (BMI),http://biobank.ndph.ox.ac.uk/showcase/field.cgi?id=21001,Examination_BMI,Examination_BMXBMI,BMXBMI,Body Mass Index (kg/m**2),https://wwwn.cdc.gov/Nchs/Nhanes/2011-2012/BMX_G.htm#BMXBMI,BMI
21002-0.0,Weight,Weight,http://biobank.ndph.ox.ac.uk/showcase/field.cgi?id=21002,Examination_Weight,Examination_BMXWT,BMXWT,Weight (kg),https://wwwn.cdc.gov/Nchs/Nhanes/2011-2012/BMX_G.htm#BMXWT,Weight
21027-0.0,Abdominal discomfort for 6 months+,Abdominal discomfort/pain for 6 months or longer,http://biobank.ndph.ox.ac.uk/showcase/field.cgi?id=21027,,,,,,
21035-0.0,Abdominal pain currently,Currently (in last 3 months) suffer from abdominal pain,http://biobank.ndph.ox.ac.uk/showcase/field.cgi?id=21035,,,,,,
21038-0.0,Abdominal distension currently,Currently suffer from abdominal distension,http://biobank.ndph.ox.ac.uk/showcase/field.cgi?id=21038,,,,,,
2178-0.0,Overall health rating,Overall health rating,http://biobank.ndph.ox.ac.uk/showcase/field.cgi?id=2178,Questionnaire_GeneralHealth,Questionnaire_HUQ010,HUQ010,General health condition,https://wwwn.cdc.gov/Nchs/Nhanes/2013-2014/HUQ_H.htm#HUQ010,GeneralHealth
23016-0.0,HBc antigen for Hepatitis B Virus,HBc antigen for Hepatitis B Virus,http://biobank.ndph.ox.ac.uk/showcase/field.cgi?id=23016,Laboratory_HepB,Laboratory_LBDHBG,LBDHBG,Hepatitis B surface antigen,https://wwwn.cdc.gov/Nchs/Nhanes/2015-2016/HEPBD_I.htm#LBDHBG,HepB
23017-0.0,HBe antigen for Hepatitis B Virus,HBe antigen for Hepatitis B Virus,http://biobank.ndph.ox.ac.uk/showcase/field.cgi?id=23017,,,,,,
23024-0.0,HIV-1 gag antigen for HIV,HIV-1 gag antigen for Human Immunodeficiency Virus,http://biobank.ndph.ox.ac.uk/showcase/field.cgi?id=23024,,,,,,
23025-0.0,HIV-1 env antigen for HIV,HIV-1 env antigen for Human Immunodeficiency Virus,http://biobank.ndph.ox.ac.uk/showcase/field.cgi?id=23025,,,,,,
2306-0.0_0,Weight compared with 1-yr ago - weigh about the same,Weight change compared with 1 year ago,http://biobank.ndph.ox.ac.uk/showcase/field.cgi?id=2306,Questionnaire_SelfReportedWeight1YrAgo,Questionnaire_WHD050,WHD050,Self-reported weight - 1 yr ago (pounds),https://wwwn.cdc.gov/Nchs/Nhanes/2011-2012/WHQ_G.htm#WHD050,SelfReportedWeight1YrAgo
2306-0.0_2,Weight compared with 1-yr ago - gained weight,Weight change compared with 1 year ago,http://biobank.ndph.ox.ac.uk/showcase/field.cgi?id=2306,Questionnaire_SelfReportedWeight1YrAgo,Questionnaire_WHD050,WHD050,Self-reported weight - 1 yr ago (pounds),https://wwwn.cdc.gov/Nchs/Nhanes/2011-2012/WHQ_G.htm#WHD050,SelfReportedWeight1YrAgo
2306-0.0_3,Weight compared with 1-yr ago - lost weight,Weight change compared with 1 year ago,http://biobank.ndph.ox.ac.uk/showcase/field.cgi?id=2306,Questionnaire_SelfReportedWeight1YrAgo,Questionnaire_WHD050,WHD050,Self-reported weight - 1 yr ago (pounds),https://wwwn.cdc.gov/Nchs/Nhanes/2011-2012/WHQ_G.htm#WHD050,SelfReportedWeight1YrAgo
23064-0.0,HIV-1 seropositivity for HIV,HIV-1 seropositivity for Human Immunodeficiency Virus,http://biobank.ndph.ox.ac.uk/showcase/field.cgi?id=23064,Questionnaire_HIVTest,Questionnaire_HSQ590,HSQ590,Blood ever tested for HIV virus?,https://wwwn.cdc.gov/Nchs/Nhanes/2013-2014/HSQ_H.htm#HSQ590,HIVTest
23107-0.0,Impedance of leg (right),Impedance of leg (right),http://biobank.ndph.ox.ac.uk/showcase/field.cgi?id=23107,,,,,,
23108-0.0,Impedance of leg (left),Impedance of leg (left),http://biobank.ndph.ox.ac.uk/showcase/field.cgi?id=23108,Examination_UpperLegLength,Examination_BMXLEG,BMXLEG,Upper Leg Length (cm),https://wwwn.cdc.gov/Nchs/Nhanes/2011-2012/BMX_G.htm#BMXLEG,UpperLegLength
23109-0.0,Impedance of arm (right),Impedance of arm (right),http://biobank.ndph.ox.ac.uk/showcase/field.cgi?id=23109,,,,,,
23110-0.0,Impedance of arm (left),Impedance of arm (left),http://biobank.ndph.ox.ac.uk/showcase/field.cgi?id=23110,,,,,,
23111-0.0,Leg fat percentage (right),Leg fat percentage (right),http://biobank.ndph.ox.ac.uk/showcase/field.cgi?id=23111,,,,,,
23112-0.0,Leg fat mass (right),Leg fat mass (right),http://biobank.ndph.ox.ac.uk/showcase/field.cgi?id=23112,,,,,,
23113-0.0,Leg fat-free mass (right),Leg fat-free mass (right),http://biobank.ndph.ox.ac.uk/showcase/field.cgi?id=23113,,,,,,
23114-0.0,Leg predicted mass (right),Leg predicted mass (right),http://biobank.ndph.ox.ac.uk/showcase/field.cgi?id=23114,,,,,,
23115-0.0,Leg fat percentage (left),Leg fat percentage (left),http://biobank.ndph.ox.ac.uk/showcase/field.cgi?id=23115,,,,,,
23116-0.0,Leg fat mass (left),Leg fat mass (left),http://biobank.ndph.ox.ac.uk/showcase/field.cgi?id=23116,,,,,,
23117-0.0,Leg fat-free mass (left),Leg fat-free mass (left),http://biobank.ndph.ox.ac.uk/showcase/field.cgi?id=23117,,,,,,
23118-0.0,Leg predicted mass (left),Leg predicted mass (left),http://biobank.ndph.ox.ac.uk/showcase/field.cgi?id=23118,,,,,,
23119-0.0,Arm fat percentage (right),Arm fat percentage (right),http://biobank.ndph.ox.ac.uk/showcase/field.cgi?id=23119,Examination_ArmCircum,Examination_BMXARMC,BMXARMC,Arm Circumference (cm),https://wwwn.cdc.gov/Nchs/Nhanes/2011-2012/BMX_G.htm#BMXARMC,ArmCircum
23120-0.0,Arm fat mass (right),Arm fat mass (right),http://biobank.ndph.ox.ac.uk/showcase/field.cgi?id=23120,,,,,,
23121-0.0,Arm fat-free mass (right),Arm fat-free mass (right),http://biobank.ndph.ox.ac.uk/showcase/field.cgi?id=23121,,,,,,
23122-0.0,Arm predicted mass (right),Arm predicted mass (right),http://biobank.ndph.ox.ac.uk/showcase/field.cgi?id=23122,,,,,,
23123-0.0,Arm fat percentage (left),Arm fat percentage (left),http://biobank.ndph.ox.ac.uk/showcase/field.cgi?id=23123,,,,,,
23124-0.0,Arm fat mass (left),Arm fat mass (left),http://biobank.ndph.ox.ac.uk/showcase/field.cgi?id=23124,,,,,,
23125-0.0,Arm fat-free mass (left),Arm fat-free mass (left),http://biobank.ndph.ox.ac.uk/showcase/field.cgi?id=23125,,,,,,
23126-0.0,Arm predicted mass (left),Arm predicted mass (left),http://biobank.ndph.ox.ac.uk/showcase/field.cgi?id=23126,,,,,,
2443-0.0,Diabetes diagnosed by doctor,Diabetes diagnosed by doctor,http://biobank.ndph.ox.ac.uk/showcase/field.cgi?id=2443,Questionnaire_DoctorDiabetes,Questionnaire_DIQ010,DIQ010,Doctor told you have diabetes,https://wwwn.cdc.gov/Nchs/Nhanes/2013-2014/DIQ_H.htm#DIQ010,DoctorDiabetes
2453-0.0,Cancer diagnosed by doctor,Cancer diagnosed by doctor,http://biobank.ndph.ox.ac.uk/showcase/field.cgi?id=2453,Questionnaire_DoctorCancer,Questionnaire_MCQ220,MCQ220,Ever told you had cancer or malignancy,https://wwwn.cdc.gov/Nchs/Nhanes/2015-2016/MCQ_I.htm#MCQ220,DoctorCancer
26413-0.0,Health score (England),Health score (England),http://biobank.ndph.ox.ac.uk/showcase/field.cgi?id=26413,,,,,,
26414-0.0,Education score (England),Education score (England),http://biobank.ndph.ox.ac.uk/showcase/field.cgi?id=26414,Demographics_Education,Demographics_DMDEDUC2,DMDEDUC2,Education Level - Adults 20+,http://data.nber.org/nhanes/2009-2010/DEMO_F.htm#DMDEDUC2,Education
26415-0.0,Housing score (England),Housing score (England),http://biobank.ndph.ox.ac.uk/showcase/field.cgi?id=26415,Questionnaire_RoomsInHome,Questionnaire_HOD050,HOD050,Number of rooms in home,https://wwwn.cdc.gov/Nchs/Nhanes/2013-2014/HOQ_H.htm#HOD050,RoomsInHome
2644-0.0,Light smokers,"Light smokers, at least 100 smokes in lifetime",http://biobank.ndph.ox.ac.uk/showcase/field.cgi?id=2644,Questionnaire_100Cigarettes,Questionnaire_SMQ020,SMQ020,Smoked at least 100 cigarettes in life,https://wwwn.cdc.gov/Nchs/Nhanes/2011-2012/SMQ_G.htm#SMQ020,100Cigarettes
2966-0.0,Age high blood pressure diagnosed,Age high blood pressure diagnosed,http://biobank.ndph.ox.ac.uk/showcase/field.cgi?id=2966,Questionnaire_HighBloodPressure,Questionnaire_BPQ020,BPQ020,Ever told you had high blood pressure,https://wwwn.cdc.gov/Nchs/Nhanes/2011-2012/BPQ_G.htm#BPQ020,HighBloodPressure
2976-0.0,Age diabetes diagnosed,Age diabetes diagnosed,http://biobank.ndph.ox.ac.uk/showcase/field.cgi?id=2976,,,,,,
30000-0.0,White blood cell (leukocyte) count,White blood cell (leukocyte) count,http://biobank.ndph.ox.ac.uk/showcase/field.cgi?id=30000,Laboratory_WhiteBloodCellCount,Laboratory_LBXWBCSI,LBXWBCSI,White blood cell count (1000 cells/uL),https://wwwn.cdc.gov/Nchs/Nhanes/2013-2014/CBC_H.htm#LBXWBCSI,WhiteBloodCellCount
30010-0.0,Red blood cell (erythrocyte) count,Red blood cell (erythrocyte) count,http://biobank.ndph.ox.ac.uk/showcase/field.cgi?id=30010,Laboratory_RedBloodCellCount,Laboratory_LBXRBCSI,LBXRBCSI,Red blood cell count (million cells/uL),https://wwwn.cdc.gov/Nchs/Nhanes/2013-2014/CBC_H.htm#LBXRBCSI,RedBloodCellCount
30040-0.0,Mean corpuscular volume,Mean corpuscular volume,http://biobank.ndph.ox.ac.uk/showcase/field.cgi?id=30040,Laboratory_Hemoglobin,Laboratory_LBXHGB,LBXHGB,Hemoglobin (g/dL),https://wwwn.cdc.gov/Nchs/Nhanes/2013-2014/CBC_H.htm#LBXHGB,Hemoglobin
30040-0.0,Mean corpuscular volume,Mean corpuscular volume,http://biobank.ndph.ox.ac.uk/showcase/field.cgi?id=30040,,,,,,
30070-0.0,Red blood cell distribution width,Red blood cell (erythrocyte) distribution width,http://biobank.ndph.ox.ac.uk/showcase/field.cgi?id=30070,Laboratory_RedCellDistributionWidth,Laboratory_LBXRDW,LBXRDW,Red cell distribution width (%),https://wwwn.cdc.gov/Nchs/Nhanes/2013-2014/CBC_H.htm#LBXRDW,RedCellDistributionWidth
30080-0.0,Platelet count,Platelet count,http://biobank.ndph.ox.ac.uk/showcase/field.cgi?id=30080,Laboratory_PlateletCount,Laboratory_LBXPLTSI,LBXPLTSI,Platelet count (1000 cells/uL),https://wwwn.cdc.gov/Nchs/Nhanes/2013-2014/CBC_H.htm#LBXPLTSI,PlateletCount
30090-0.0,Platelet crit,Platelet crit,http://biobank.ndph.ox.ac.uk/showcase/field.cgi?id=30090,,,,,,
30100-0.0,Mean platelet volume,Mean platelet (thrombocyte) volume,http://biobank.ndph.ox.ac.uk/showcase/field.cgi?id=30100,Laboratory_MeanPlateletVolume,Laboratory_LBXMPSI,LBXMPSI,Mean platelet volume (fL),https://wwwn.cdc.gov/Nchs/Nhanes/2013-2014/CBC_H.htm#LBXMPSI,MeanPlateletVolume
30110-0.0,Platelet distribution width,Platelet distribution width,http://biobank.ndph.ox.ac.uk/showcase/field.cgi?id=30110,,,,,,
30120-0.0,Lymphocyte count,Lymphocyte count,http://biobank.ndph.ox.ac.uk/showcase/field.cgi?id=30120,Laboratory_Lymphocyte,Laboratory_LBDLYMNO,LBDLYMNO,Lymphocyte number (1000 cells/uL),https://wwwn.cdc.gov/Nchs/Nhanes/2009-2010/CBC_F.htm#LBDLYMNO,Lymphocyte
30130-0.0,Monocyte count,Monocyte count,http://biobank.ndph.ox.ac.uk/showcase/field.cgi?id=30130,Laboratory_Monocyte,Laboratory_LBDMONO,LBDMONO,Monocyte number (1000 cells/uL),https://wwwn.cdc.gov/Nchs/Nhanes/2009-2010/CBC_F.htm#LBDMONO,Monocyte
30140-0.0,Neutrophill count,Neutrophill count,http://biobank.ndph.ox.ac.uk/showcase/field.cgi?id=30140,Laboratory_SegmentedNeutrophils,Laboratory_LBDNENO,LBDNENO,Segmented neutrophils num (1000 cell/uL),https://wwwn.cdc.gov/Nchs/Nhanes/2009-2010/CBC_F.htm#LBDNENO,SegmentedNeutrophils
30150-0.0,Eosinophill count,Eosinophill count,http://biobank.ndph.ox.ac.uk/showcase/field.cgi?id=30150,Laboratory_Eosinophils,Laboratory_LBDEONO,LBDEONO,Eosinophils number (1000 cells/uL),https://wwwn.cdc.gov/Nchs/Nhanes/2013-2014/CBC_H.htm#LBDEONO,Eosinophils
30150-0.0,Eosinophill count,Eosinophill count,http://biobank.ndph.ox.ac.uk/showcase/field.cgi?id=30150,Laboratory_EosinophilsPercent,Laboratory_LBXEOPCT,LBXEOPCT,Eosinophils percent (%),https://wwwn.cdc.gov/Nchs/Nhanes/2009-2010/CBC_F.htm#LBXEOPCT,EosinophilsPercent
30160-0.0,Basophill count,Basophill count,http://biobank.ndph.ox.ac.uk/showcase/field.cgi?id=30160,Laboratory_Basophils,Laboratory_LBDBANO,LBDBANO,Basophils number (1000 cells/uL),https://wwwn.cdc.gov/Nchs/Nhanes/2013-2014/CBC_H.htm#LBDBANO,Basophils
30170-0.0,Nucleated red blood cell count,Nucleated red blood cell count,http://biobank.ndph.ox.ac.uk/showcase/field.cgi?id=30170,,,,,,
30180-0.0,Lymphocyte percentage,Lymphocyte percentage,http://biobank.ndph.ox.ac.uk/showcase/field.cgi?id=30180,Laboratory_LymphocytePercent,Laboratory_LBXLYPCT,LBXLYPCT,Lymphocyte percent (%),https://wwwn.cdc.gov/Nchs/Nhanes/2013-2014/CBC_H.htm#LBXLYPCT,LymphocytePercent
30190-0.0,Monocyte percentage,Monocyte percentage,http://biobank.ndph.ox.ac.uk/showcase/field.cgi?id=30190,Laboratory_MonocytePercent,Laboratory_LBXMOPCT,LBXMOPCT,Monocyte percent (%),https://wwwn.cdc.gov/Nchs/Nhanes/2013-2014/CBC_H.htm#LBXMOPCT,MonocytePercent
30200-0.0,Neutrophill percentage,Neutrophill percentage,http://biobank.ndph.ox.ac.uk/showcase/field.cgi?id=30200,Laboratory_SegmentedNeutrophilsPercent,Laboratory_LBXNEPCT,LBXNEPCT,Segmented neutrophils percent (%),https://wwwn.cdc.gov/Nchs/Nhanes/2013-2014/CBC_H.htm#LBXNEPCT,SegmentedNeutrophilsPercent
30210-0.0,Eosinophill percentage,Eosinophill percentage,http://biobank.ndph.ox.ac.uk/showcase/field.cgi?id=30210,,,,,,
30210-0.0,Eosinophill percentage,Eosinophill percentage,http://biobank.ndph.ox.ac.uk/showcase/field.cgi?id=30210,,,,,,
30220-0.0,Basophill percentage,Basophill percentage,http://biobank.ndph.ox.ac.uk/showcase/field.cgi?id=30220,Laboratory_BasophilsPercent,Laboratory_LBXBAPCT,LBXBAPCT,Basophils percent (%),https://wwwn.cdc.gov/Nchs/Nhanes/2013-2014/CBC_H.htm#LBXBAPCT,BasophilsPercent
30230-0.0,Nucleated red blood cell percentage,Nucleated red blood cell percentage,http://biobank.ndph.ox.ac.uk/showcase/field.cgi?id=30230,,,,,,
30260-0.0,Mean reticulocyte volume,Mean reticulocyte volume,http://biobank.ndph.ox.ac.uk/showcase/field.cgi?id=30260,,,,,,
30270-0.0,Mean sphered cell volume,Mean sphered cell volume,http://biobank.ndph.ox.ac.uk/showcase/field.cgi?id=30270,Laboratory_MeanCellVolume,Laboratory_LBXMCVSI,LBXMCVSI,Mean cell volume (fL),https://wwwn.cdc.gov/Nchs/Nhanes/2013-2014/CBC_H.htm#LBXMCVSI,MeanCellVolume
30500-0.0,Microalbumin in urine,Microalbumin in urine,http://biobank.ndph.ox.ac.uk/showcase/field.cgi?id=30500,Laboratory_UrineAlbumin,Laboratory_URXUMA,URXUMA,"Albumin, urine (ug/mL)",https://wwwn.cdc.gov/Nchs/Nhanes/2001-2002/L16_B.htm#URXUMA,UrineAlbumin
30600-0.0,Albumin,Albumin,http://biobank.ndph.ox.ac.uk/showcase/field.cgi?id=30600,Laboratory_AlbuminSI,Laboratory_LBDSALSI,LBDSALSI,Albumin (g/L),https://wwwn.cdc.gov/Nchs/Nhanes/2013-2014/BIOPRO_H.htm#LBDSALSI,AlbuminSI
30620-0.0,Alanine aminotransferase,Alanine aminotransferase,http://biobank.ndph.ox.ac.uk/showcase/field.cgi?id=30620,Laboratory_AlanineAminotransferaseALT,Laboratory_LBXSATSI,LBXSATSI,Alanine aminotransferase ALT (IU/L),https://wwwn.cdc.gov/Nchs/Nhanes/2013-2014/BIOPRO_H.htm#LBXSATSI,AlanineAminotransferaseALT
30650-0.0,Aspartate aminotransferase,Aspartate aminotransferase,http://biobank.ndph.ox.ac.uk/showcase/field.cgi?id=30650,Laboratory_AspartateAminotransferaseAST,Laboratory_LBXSASSI,LBXSASSI,Aspartate aminotransferase AST (IU/L),https://wwwn.cdc.gov/Nchs/Nhanes/2013-2014/BIOPRO_H.htm#LBXSASSI,AspartateAminotransferaseAST
30660-0.0,Direct bilirubin,Direct bilirubin,http://biobank.ndph.ox.ac.uk/showcase/field.cgi?id=30660,Laboratory_TotalBilirubin,Laboratory_LBDSTBSI,LBDSTBSI,Total bilirubin (umol/L),https://wwwn.cdc.gov/Nchs/Nhanes/2011-2012/BIOPRO_G.htm#LBDSTBSI,TotalBilirubin
30680-0.0,Calcium,Calcium,http://biobank.ndph.ox.ac.uk/showcase/field.cgi?id=30680,Laboratory_CalciumSI,Laboratory_LBDSCASI,LBDSCASI,Total calcium (mmol/L),https://wwwn.cdc.gov/Nchs/Nhanes/2013-2014/BIOPRO_H.htm#LBDSCASI,CalciumSI
30690-0.0,Cholesterol,Cholesterol,http://biobank.ndph.ox.ac.uk/showcase/field.cgi?id=30690,Laboratory_CholesterolSI,Laboratory_LBDSCHSI,LBDSCHSI,Cholesterol (mmol/L),https://wwwn.cdc.gov/Nchs/Nhanes/2013-2014/BIOPRO_H.htm#LBDSCHSI,CholesterolSI
30700-0.0,Creatinine,Creatinine,http://biobank.ndph.ox.ac.uk/showcase/field.cgi?id=30700,Laboratory_Creatinine,Laboratory_LBDSCRSI,LBDSCRSI,Creatinine (umol/L),https://wwwn.cdc.gov/Nchs/Nhanes/2011-2012/BIOPRO_G.htm#LBDSCRSI,Creatinine
30710-0.0,C-reactive protein,C-reactive protein,http://biobank.ndph.ox.ac.uk/showcase/field.cgi?id=30710,,,,,,
30730-0.0,Gamma glutamyltransferase,Gamma glutamyltransferase,http://biobank.ndph.ox.ac.uk/showcase/field.cgi?id=30730,Laboratory_GammeGlutamylTransferase,Laboratory_LBXSGTSI,LBXSGTSI,Gamma glutamyl transferase (U/L),https://wwwn.cdc.gov/Nchs/Nhanes/2013-2014/BIOPRO_H.htm#LBXSGTSI,GammeGlutamylTransferase
30740-0.0,Glucose,Glucose,http://biobank.ndph.ox.ac.uk/showcase/field.cgi?id=30740,Laboratory_GlucoseSI,Laboratory_LBDSGLSI,LBDSGLSI,"Glucose, refrigerated serum (mmol/L)",https://wwwn.cdc.gov/Nchs/Nhanes/2013-2014/BIOPRO_H.htm#LBDSGLSI,GlucoseSI
30760-0.0,HDL cholesterol,HDL cholesterol,http://biobank.ndph.ox.ac.uk/showcase/field.cgi?id=30760,,,,,,
30840-0.0,Total bilirubin,Total bilirubin,http://biobank.ndph.ox.ac.uk/showcase/field.cgi?id=30840,,,,,,
30860-0.0,Total protein,Total protein,http://biobank.ndph.ox.ac.uk/showcase/field.cgi?id=30860,Laboratory_TotalProtein,Laboratory_LBXSTP,LBXSTP,Total protein (g/dL),https://wwwn.cdc.gov/Nchs/Nhanes/2013-2014/BIOPRO_H.htm#LBXSTP,TotalProtein
30880-0.0,Urate,Urate,http://biobank.ndph.ox.ac.uk/showcase/field.cgi?id=30880,Laboratory_UricAcid,Laboratory_LBXSUA,LBXSUA,Serum Uric acid (mg/dL),https://wwwn.cdc.gov/Nchs/Nhanes/2013-2014/BIOPRO_H.htm#LBXSUA,UricAcid
31-0.0,Sex,Sex,http://biobank.ndph.ox.ac.uk/showcase/field.cgi?id=31,Demographics_Gender,Demographics_RIAGENDR,RIAGENDR,Gender,http://data.nber.org/nhanes/2009-2010/DEMO_F.htm#RIAGENDR,Gender
3741-0.0,Abdominal pain for 3+ months,Stomach/abdominal pain for 3+ months,http://biobank.ndph.ox.ac.uk/showcase/field.cgi?id=3741,Questionnaire_StomachIllness,Questionnaire_HSQ510,HSQ510,SP have stomach or intestinal illness?,https://wwwn.cdc.gov/Nchs/Nhanes/2013-2014/HSQ_H.htm#HSQ510,StomachIllness
3786-0.0,Age asthma diagnosed,Age asthma diagnosed,http://biobank.ndph.ox.ac.uk/showcase/field.cgi?id=3786,,,,,,
3894-0.0,Age heart attack diagnosed,Age heart attack diagnosed,http://biobank.ndph.ox.ac.uk/showcase/field.cgi?id=3894,Questionnaire_DoctorHeartAttack,Questionnaire_MCQ160E,MCQ160E,Ever told you had heart attack,https://wwwn.cdc.gov/Nchs/Nhanes/2015-2016/MCQ_I.htm#MCQ160e,DoctorHeartAttack
3992-0.0,Age emphysema/chronic bronchitis diagnosed,Age emphysema/chronic bronchitis diagnosed,http://biobank.ndph.ox.ac.uk/showcase/field.cgi?id=3992,,,,,,
3992-0.0,Age emphysema/chronic bronchitis diagnosed,Age emphysema/chronic bronchitis diagnosed,http://biobank.ndph.ox.ac.uk/showcase/field.cgi?id=3992,,,,,,
4079-0.0,Diastolic blood pressure,"Diastolic blood pressure, automated reading",http://biobank.ndph.ox.ac.uk/showcase/field.cgi?id=4079,Examination_BPDiastolic1,Examination_BPXDI1,BPXDI1,Diastolic: Blood pres (1st rdg) mm Hg,https://wwwn.cdc.gov/Nchs/Nhanes/2015-2016/BPX_I.htm#BPXDI1,BPDiastolic1
4079-0.0,Diastolic blood pressure,"Diastolic blood pressure, automated reading",http://biobank.ndph.ox.ac.uk/showcase/field.cgi?id=4079,Examination_BPDiastolic2,Examination_BPXDI2,BPXDI2,Diastolic: Blood pres (2nd rdg) mm Hg,https://wwwn.cdc.gov/Nchs/Nhanes/2015-2016/BPX_I.htm#BPXDI2,BPDiastolic2
4079-0.1,Diastolic blood pressure,"Diastolic blood pressure, automated reading",http://biobank.ndph.ox.ac.uk/showcase/field.cgi?id=4079,Examination_BPDiastolic1,Examination_BPXDI1,BPXDI1,Diastolic: Blood pres (1st rdg) mm Hg,https://wwwn.cdc.gov/Nchs/Nhanes/2015-2016/BPX_I.htm#BPXDI1,BPDiastolic1
4079-0.1,Diastolic blood pressure,"Diastolic blood pressure, automated reading",http://biobank.ndph.ox.ac.uk/showcase/field.cgi?id=4079,Examination_BPDiastolic2,Examination_BPXDI2,BPXDI2,Diastolic: Blood pres (2nd rdg) mm Hg,https://wwwn.cdc.gov/Nchs/Nhanes/2015-2016/BPX_I.htm#BPXDI2,BPDiastolic2
4080-0.0,Systolic blood pressure,"Systolic blood pressure, automated reading",http://biobank.ndph.ox.ac.uk/showcase/field.cgi?id=4080,Examination_BPSystolic1,Examination_BPXSY1,BPXSY1,Systolic: Blood pres (1st rdg) mm Hg,https://wwwn.cdc.gov/Nchs/Nhanes/2015-2016/BPX_I.htm#BPXSY1,BPSystolic1
4080-0.0,Systolic blood pressure,"Systolic blood pressure, automated reading",http://biobank.ndph.ox.ac.uk/showcase/field.cgi?id=4080,Examination_BPSystolic2,Examination_BPXSY2,BPXSY2,Systolic: Blood pres (2nd rdg) mm Hg,https://wwwn.cdc.gov/Nchs/Nhanes/2015-2016/BPX_I.htm#BPXSY2,BPSystolic2
4080-0.1,Systolic blood pressure,"Systolic blood pressure, automated reading",http://biobank.ndph.ox.ac.uk/showcase/field.cgi?id=4080,Examination_BPSystolic1,Examination_BPXSY1,BPXSY1,Systolic: Blood pres (1st rdg) mm Hg,https://wwwn.cdc.gov/Nchs/Nhanes/2015-2016/BPX_I.htm#BPXSY1,BPSystolic1
4080-0.1,Systolic blood pressure,"Systolic blood pressure, automated reading",http://biobank.ndph.ox.ac.uk/showcase/field.cgi?id=4080,Examination_BPSystolic2,Examination_BPXSY2,BPXSY2,Systolic: Blood pres (2nd rdg) mm Hg,https://wwwn.cdc.gov/Nchs/Nhanes/2015-2016/BPX_I.htm#BPXSY2,BPSystolic2
4195-0.0,Pulse wave reflection index,Pulse wave reflection index,http://biobank.ndph.ox.ac.uk/showcase/field.cgi?id=4195,,,,,,
4196-0.0,Pulse wave peak to peak time,Pulse wave peak to peak time,http://biobank.ndph.ox.ac.uk/showcase/field.cgi?id=4196,,,,,,
4198-0.0,Position of the pulse wave peak,Position of the pulse wave peak,http://biobank.ndph.ox.ac.uk/showcase/field.cgi?id=4198,,,,,,
4199-0.0,Position of pulse wave notch,Position of pulse wave notch,http://biobank.ndph.ox.ac.uk/showcase/field.cgi?id=4199,,,,,,
4200-0.0,Position of the shoulder on the pulse waveform,Position of the shoulder on the pulse waveform,http://biobank.ndph.ox.ac.uk/showcase/field.cgi?id=4200,,,,,,
4204-0.0,Absence of notch position in the pulse waveform,Absence of notch position in the pulse waveform,http://biobank.ndph.ox.ac.uk/showcase/field.cgi?id=4204,,,,,,
4674-0.0,Private healthcare,Private healthcare,http://biobank.ndph.ox.ac.uk/showcase/field.cgi?id=4674,Questionnaire_HealthCareLocation,Questionnaire_HUQ030,HUQ030,Routine place to go for healthcare,https://wwwn.cdc.gov/Nchs/Nhanes/2013-2014/HUQ_H.htm#HUQ030,HealthCareLocation
4717-0.0,Shortness of breath walking on level ground,Shortness of breath walking on level ground,http://biobank.ndph.ox.ac.uk/showcase/field.cgi?id=4717,Questionnaire_ShortnessOfBreath,Questionnaire_CDQ010,CDQ010,{Have you/Has SP} had shortness of breath either when hurrying on the level or walking up a slight hill?,https://wwwn.cdc.gov/Nchs/Nhanes/2013-2014/CDQ_H.htm#CDQ010,ShortnessOfBreath
48-0.0,Waist circumference,Waist circumference,http://biobank.ndph.ox.ac.uk/showcase/field.cgi?id=48,Examination_WaistCircum,Examination_BMXWAIST,BMXWAIST,Waist Circumference (cm),https://wwwn.cdc.gov/Nchs/Nhanes/2011-2012/BMX_G.htm#BMXWAIST,WaistCircum
50-0.0,Standing height,Standing height,http://biobank.ndph.ox.ac.uk/showcase/field.cgi?id=50,Examination_Height,Examination_BMXHT,BMXHT,Standing Height (cm),https://wwwn.cdc.gov/Nchs/Nhanes/2011-2012/BMX_G.htm#BMXHT,Height
6153-0.0_1,Medication for - Cholesterol lowering medication,"Medication for cholesterol, blood pressure, diabetes, or take exogenous hormones",http://biobank.ndph.ox.ac.uk/showcase/field.cgi?id=6153,,,,,,
6153-0.0_2,Medication for - Blood pressure medication,"Medication for cholesterol, blood pressure, diabetes, or take exogenous hormones",http://biobank.ndph.ox.ac.uk/showcase/field.cgi?id=6153,,,,,,
6153-0.0_3,Medication for - Insulin,"Medication for cholesterol, blood pressure, diabetes, or take exogenous hormones",http://biobank.ndph.ox.ac.uk/showcase/field.cgi?id=6153,,,,,,
6153-0.0_4,Medication for - Hormone replacement therapy,"Medication for cholesterol, blood pressure, diabetes, or take exogenous hormones",http://biobank.ndph.ox.ac.uk/showcase/field.cgi?id=6153,,,,,,
6153-0.0_5,Medication for - Oral contraceptive pill or minipill,"Medication for cholesterol, blood pressure, diabetes, or take exogenous hormones",http://biobank.ndph.ox.ac.uk/showcase/field.cgi?id=6153,,,,,,
6155-0.0_1,Supplements - Vitamin A,Vitamin and mineral supplements,http://biobank.ndph.ox.ac.uk/showcase/field.cgi?id=6155,,,,,,
6155-0.0_2,Supplements - Vitamin B,Vitamin and mineral supplements,http://biobank.ndph.ox.ac.uk/showcase/field.cgi?id=6155,,,,,,
6155-0.0_3,Supplements - Vitamin C,Vitamin and mineral supplements,http://biobank.ndph.ox.ac.uk/showcase/field.cgi?id=6155,,,,,,
6155-0.0_4,Supplements - Vitamin D,Vitamin and mineral supplements,http://biobank.ndph.ox.ac.uk/showcase/field.cgi?id=6155,,,,,,
6155-0.0_5,Supplements - Vitamin E,Vitamin and mineral supplements,http://biobank.ndph.ox.ac.uk/showcase/field.cgi?id=6155,,,,,,
6155-0.0_6,Supplements - Folic acid or Folate (Vit B9),Vitamin and mineral supplements,http://biobank.ndph.ox.ac.uk/showcase/field.cgi?id=6155,,,,,,
6155-0.0_7,Supplements - Multivitamins +/- minerals,Vitamin and mineral supplements,http://biobank.ndph.ox.ac.uk/showcase/field.cgi?id=6155,,,,,,
6179-0.0_1,Supplements - Fish oil,Mineral and other dietary supplements,http://biobank.ndph.ox.ac.uk/showcase/field.cgi?id=6179,,,,,,
6179-0.0_2,Supplements - Glucosamine,Mineral and other dietary supplements,http://biobank.ndph.ox.ac.uk/showcase/field.cgi?id=6179,,,,,,
6179-0.0_3,Supplements - Calcium,Mineral and other dietary supplements,http://biobank.ndph.ox.ac.uk/showcase/field.cgi?id=6179,,,,,,
6179-0.0_4,Supplements - Zinc,Mineral and other dietary supplements,http://biobank.ndph.ox.ac.uk/showcase/field.cgi?id=6179,,,,,,
6179-0.0_5,Supplements - Iron,Mineral and other dietary supplements,http://biobank.ndph.ox.ac.uk/showcase/field.cgi?id=6179,,,,,,
6179-0.0_6,Supplements - Selenium,Mineral and other dietary supplements,http://biobank.ndph.ox.ac.uk/showcase/field.cgi?id=6179,,,,,,
680-0.0_1,Accommodation - Own outright ,Own or rent accommodation lived in,http://biobank.ndph.ox.ac.uk/showcase/field.cgi?id=680,Questionnaire_HomeOwnBoughtRent,Questionnaire_HOQ065,HOQ065,"Home owned, bought, rented, other",https://wwwn.cdc.gov/Nchs/Nhanes/2013-2014/HOQ_H.htm#HOQ065,HomeOwnBoughtRent
680-0.0_2,Accommodation - Own with a mortgage,Own or rent accommodation lived in,http://biobank.ndph.ox.ac.uk/showcase/field.cgi?id=680,Questionnaire_HomeOwnBoughtRent,Questionnaire_HOQ065,HOQ065,"Home owned, bought, rented, other",https://wwwn.cdc.gov/Nchs/Nhanes/2013-2014/HOQ_H.htm#HOQ065,HomeOwnBoughtRent
680-0.0_3,Accommodation - Rent from local,Own or rent accommodation lived in,http://biobank.ndph.ox.ac.uk/showcase/field.cgi?id=680,Questionnaire_HomeOwnBoughtRent,Questionnaire_HOQ065,HOQ065,"Home owned, bought, rented, other",https://wwwn.cdc.gov/Nchs/Nhanes/2013-2014/HOQ_H.htm#HOQ065,HomeOwnBoughtRent
680-0.0_4,Accommodation - Rent from private,Own or rent accommodation lived in,http://biobank.ndph.ox.ac.uk/showcase/field.cgi?id=680,Questionnaire_HomeOwnBoughtRent,Questionnaire_HOQ065,HOQ065,"Home owned, bought, rented, other",https://wwwn.cdc.gov/Nchs/Nhanes/2013-2014/HOQ_H.htm#HOQ065,HomeOwnBoughtRent
680-0.0_5,Accommodation - Shared ownership,Own or rent accommodation lived in,http://biobank.ndph.ox.ac.uk/showcase/field.cgi?id=680,Questionnaire_HomeOwnBoughtRent,Questionnaire_HOQ065,HOQ065,"Home owned, bought, rented, other",https://wwwn.cdc.gov/Nchs/Nhanes/2013-2014/HOQ_H.htm#HOQ065,HomeOwnBoughtRent
680-0.0_6,Accommodation - Live in accommodation rent free,Own or rent accommodation lived in,http://biobank.ndph.ox.ac.uk/showcase/field.cgi?id=680,Questionnaire_HomeOwnBoughtRent,Questionnaire_HOQ065,HOQ065,"Home owned, bought, rented, other",https://wwwn.cdc.gov/Nchs/Nhanes/2013-2014/HOQ_H.htm#HOQ065,HomeOwnBoughtRent
709-0.0,Number in household,Number in household,http://biobank.ndph.ox.ac.uk/showcase/field.cgi?id=709,Demographics_HouseholdSize,Demographics_DMDHHSIZ,DMDHHSIZ,Total number of people in the Household,http://data.nber.org/nhanes/2009-2010/DEMO_F.htm#DMDHHSIZ,HouseholdSize
738-0.0,Average total household income before tax,Average total household income before tax,http://biobank.ndph.ox.ac.uk/showcase/field.cgi?id=738,Demographics_IncomeRatio,Demographics_INDFMPIR,INDFMPIR,Ratio of family income to poverty,http://data.nber.org/nhanes/2009-2010/DEMO_F.htm#INDFMPIR,IncomeRatio
757-0.0,Time employed in main current job,Time employed in main current job,http://biobank.ndph.ox.ac.uk/showcase/field.cgi?id=757,Questionnaire_JobMonths,Questionnaire_OCD270,OCD270,Number of months working in the main job,https://wwwn.cdc.gov/Nchs/Nhanes/2013-2014/OCQ_H.htm#OCD270,JobMonths
Age,Age,,http://biobank.ndph.ox.ac.uk/showcase/field.cgi?id=Age,,,,,,
Deceased_year,Deceased_year,,http://biobank.ndph.ox.ac.uk/showcase/field.cgi?id=Deceased_year,,,,,,
High_blood_pressure,High_blood_pressure,,http://biobank.ndph.ox.ac.uk/showcase/field.cgi?id=High_blood_pressure,,,,,,
eid,Encoded anonymised participant ID,Encoded anonymised participant ID,http://biobank.ndph.ox.ac.uk/showcase/field.cgi?id=eid,,,,,,